trade_no,lifecycle,trigger,direction,trigger_time_utc,entry_time_utc,entry_price,zone_top,zone_bottom,swing_price,atr14,buffer,stop_loss,stop_distance_usd,tp1,tp2,outcome,result_r,exit_time_utc,duration_hours
211,MAX_4_M15_CANDLES,IFVG,BUY,2026-01-26 23:30:00,2026-01-26 23:45:00,5056.285000,5042.769000,5035.395000,4989.805000,21.000078,2.100008,4987.704992,68.580008,5124.865008,5193.445016,TIME_EXIT_BEFORE_TP1,-0.361913,2026-01-27 00:30:00,0.750000
212,MAX_4_M15_CANDLES,IFVG,BUY,2026-01-27 01:00:00,2026-01-27 01:15:00,5071.275000,5033.495000,5020.645000,4989.805000,22.245482,2.224548,4987.580452,83.694548,5154.969548,5238.664096,TIME_EXIT_BEFORE_TP1,-0.090687,2026-01-27 02:00:00,0.750000
213,MAX_4_M15_CANDLES,IFVG,SELL,2026-01-27 01:15:00,2026-01-27 01:30:00,5066.445000,5074.515000,5073.015000,5061.195000,21.585091,2.158509,5076.673509,10.228509,5056.216491,5045.987982,TP1_BE,0.000000,2026-01-27 01:45:00,0.250000
214,MAX_4_M15_CANDLES,FVG,BUY,2026-01-27 02:00:00,2026-01-27 02:15:00,5063.625000,5062.635000,5035.415000,5013.595000,20.215278,2.021528,5011.573472,52.051528,5115.676528,5167.728056,TIME_EXIT_BEFORE_TP1,0.040345,2026-01-27 03:00:00,0.750000
215,MAX_4_M15_CANDLES,FVG,SELL,2026-01-27 06:45:00,2026-01-27 07:00:00,5085.585000,5097.065000,5090.555000,5079.575000,12.988648,1.298865,5098.363865,12.778865,5072.806135,5060.027270,SL,-1.000000,2026-01-27 07:30:00,0.500000
216,MAX_4_M15_CANDLES,IFVG,SELL,2026-01-27 07:45:00,2026-01-27 08:00:00,5085.725000,5097.065000,5095.245000,5079.575000,12.530994,1.253099,5098.318099,12.593099,5073.131901,5060.538801,TIME_EXIT_AFTER_TP1,0.507421,2026-01-27 08:45:00,0.750000
217,MAX_4_M15_CANDLES,FVG,BUY,2026-01-27 08:30:00,2026-01-27 08:45:00,5082.255000,5076.525000,5074.655000,5057.005000,12.080158,1.208016,5055.796984,26.458016,5108.713016,5135.171032,TIME_EXIT_BEFORE_TP1,0.202963,2026-01-27 09:30:00,0.750000
218,MAX_4_M15_CANDLES,FVG,BUY,2026-01-27 09:45:00,2026-01-27 10:00:00,5098.195000,5085.915000,5083.995000,5073.075000,11.260215,1.126022,5071.948978,26.246022,5124.441022,5150.687043,TIME_EXIT_BEFORE_TP1,-0.457212,2026-01-27 10:45:00,0.750000
219,MAX_4_M15_CANDLES,FVG,SELL,2026-01-27 11:15:00,2026-01-27 11:30:00,5086.735000,5090.838000,5089.095000,5099.345000,9.743173,0.974317,5100.319317,13.584317,5073.150683,5059.566365,TIME_EXIT_AFTER_TP1,0.583025,2026-01-27 12:15:00,0.750000
220,MAX_4_M15_CANDLES,IFVG,BUY,2026-01-27 13:00:00,2026-01-27 13:15:00,5089.825000,5083.155000,5082.615000,5066.808000,10.189169,1.018917,5065.789083,24.035917,5113.860917,5137.896834,SL,-1.000000,2026-01-27 14:00:00,0.750000
221,MAX_4_M15_CANDLES,IFVG,SELL,2026-01-27 13:30:00,2026-01-27 13:45:00,5073.245000,5081.105000,5081.035000,5099.345000,11.058416,1.105842,5100.450842,27.205842,5046.039158,5018.833317,TIME_EXIT_BEFORE_TP1,-0.217233,2026-01-27 14:30:00,0.750000
222,MAX_4_M15_CANDLES,IFVG,SELL,2026-01-27 16:45:00,2026-01-27 17:00:00,5087.265000,5093.455000,5091.075000,5092.695000,14.207368,1.420737,5094.875737,7.610737,5079.654263,5072.043526,TP1_BE,0.000000,2026-01-27 17:30:00,0.500000
223,MAX_4_M15_CANDLES,FVG,SELL,2026-01-27 17:15:00,2026-01-27 17:30:00,5087.851000,5093.455000,5091.745000,5103.075000,14.095077,1.409508,5104.484508,16.633508,5071.217492,5054.583985,TIME_EXIT_BEFORE_TP1,0.185529,2026-01-27 18:15:00,0.750000
224,MAX_4_M15_CANDLES,FVG,BUY,2026-01-27 18:00:00,2026-01-27 18:15:00,5081.795000,5079.785000,5076.955000,5046.465000,13.344987,1.334499,5045.130501,36.664499,5118.459499,5155.123997,TIME_EXIT_BEFORE_TP1,0.138554,2026-01-27 19:00:00,0.750000
225,MAX_4_M15_CANDLES,FVG,BUY,2026-01-27 23:45:00,2026-01-28 00:00:00,5171.975000,5170.675000,5148.925000,5076.135000,15.005706,1.500571,5074.634429,97.340571,5269.315571,5366.656141,TIME_EXIT_BEFORE_TP1,-0.001130,2026-01-28 00:45:00,0.750000
226,MAX_4_M15_CANDLES,FVG,BUY,2026-01-28 02:00:00,2026-01-28 02:15:00,5209.785000,5204.225000,5196.035000,5157.115000,16.473217,1.647322,5155.467678,54.317322,5264.102322,5318.419643,TIME_EXIT_BEFORE_TP1,0.618587,2026-01-28 03:00:00,0.750000
227,MAX_4_M15_CANDLES,FVG,BUY,2026-01-28 05:30:00,2026-01-28 05:45:00,5264.565000,5251.475000,5248.755000,5157.115000,13.998881,1.399888,5155.715112,108.849888,5373.414888,5482.264776,TIME_EXIT_BEFORE_TP1,-0.028296,2026-01-28 06:30:00,0.750000
228,MAX_4_M15_CANDLES,FVG,BUY,2026-01-28 07:30:00,2026-01-28 07:45:00,5281.125000,5272.555000,5271.195000,5157.115000,13.159090,1.315909,5155.799091,125.325909,5406.450909,5531.776818,TIME_EXIT_BEFORE_TP1,0.069180,2026-01-28 08:30:00,0.750000
229,MAX_4_M15_CANDLES,FVG,BUY,2026-01-28 08:45:00,2026-01-28 09:00:00,5293.375000,5286.319000,5285.495000,5157.115000,13.896709,1.389671,5155.725329,137.649671,5431.024671,5568.674342,TIME_EXIT_BEFORE_TP1,-0.111297,2026-01-28 09:45:00,0.750000
230,MAX_4_M15_CANDLES,FVG,SELL,2026-01-28 12:00:00,2026-01-28 12:15:00,5260.995000,5269.799000,5261.815000,5311.245000,13.682951,1.368295,5312.613295,51.618295,5209.376705,5157.758410,TIME_EXIT_BEFORE_TP1,-0.274321,2026-01-28 13:00:00,0.750000
231,MAX_4_M15_CANDLES,IFVG,SELL,2026-01-28 13:00:00,2026-01-28 13:15:00,5275.035000,5286.319000,5285.495000,5311.245000,13.901657,1.390166,5312.635166,37.600166,5237.434834,5199.834669,TIME_EXIT_BEFORE_TP1,0.339626,2026-01-28 14:00:00,0.750000
232,MAX_4_M15_CANDLES,FVG,SELL,2026-01-28 14:00:00,2026-01-28 14:15:00,5262.265000,5273.085000,5268.645000,5289.235000,14.979017,1.497902,5290.732902,28.467902,5233.797098,5205.329197,SL,-1.000000,2026-01-28 15:00:00,0.750000
233,MAX_4_M15_CANDLES,IFVG,BUY,2026-01-28 14:45:00,2026-01-28 15:00:00,5285.459000,5273.085000,5268.645000,5238.345000,16.278113,1.627811,5236.717189,48.741811,5334.200811,5382.942623,SL,-1.000000,2026-01-28 15:00:00,0.000000
234,MAX_4_M15_CANDLES,FVG,BUY,2026-01-28 16:45:00,2026-01-28 17:00:00,5299.585000,5281.775000,5281.165000,5235.238000,18.391083,1.839108,5233.398892,66.186108,5365.771108,5431.957217,TIME_EXIT_BEFORE_TP1,-0.026138,2026-01-28 17:45:00,0.750000
235,MAX_4_M15_CANDLES,FVG,BUY,2026-01-28 17:15:00,2026-01-28 17:30:00,5302.535000,5292.298000,5289.025000,5235.238000,17.906296,1.790630,5233.447370,69.087630,5371.622630,5440.710259,TIME_EXIT_BEFORE_TP1,0.034883,2026-01-28 18:15:00,0.750000
236,MAX_4_M15_CANDLES,FVG,SELL,2026-01-28 19:15:00,2026-01-28 19:30:00,5283.115000,5298.645000,5283.405000,5325.755000,20.015250,2.001525,5327.756525,44.641525,5238.473475,5193.831950,SL,-1.000000,2026-01-28 19:45:00,0.250000
237,MAX_4_M15_CANDLES,FVG,BUY,2026-01-28 20:15:00,2026-01-28 20:30:00,5354.345000,5322.415000,5311.985000,5268.245000,21.925917,2.192592,5266.052408,88.292592,5442.637592,5530.930183,TIME_EXIT_BEFORE_TP1,0.337627,2026-01-28 21:15:00,0.750000
238,MAX_4_M15_CANDLES,FVG,BUY,2026-01-29 00:15:00,2026-01-29 00:30:00,5496.935000,5488.985000,5474.915000,5268.245000,35.059830,3.505983,5264.739017,232.195983,5729.130983,5961.326966,TIME_EXIT_BEFORE_TP1,0.043670,2026-01-29 01:15:00,0.750000
239,MAX_4_M15_CANDLES,FVG,BUY,2026-01-29 02:45:00,2026-01-29 03:00:00,5535.625000,5526.195000,5512.975000,5444.348000,34.390129,3.439013,5440.908987,94.716013,5630.341013,5725.057026,TIME_EXIT_BEFORE_TP1,0.105896,2026-01-29 03:45:00,0.750000
240,MAX_4_M15_CANDLES,IFVG,BUY,2026-01-29 03:00:00,2026-01-29 03:15:00,5538.395000,5526.195000,5525.375000,5444.348000,34.845834,3.484583,5440.863417,97.531583,5635.926583,5733.458167,TIME_EXIT_BEFORE_TP1,-0.042755,2026-01-29 04:00:00,0.750000
241,MAX_4_M15_CANDLES,FVG,BUY,2026-01-29 05:00:00,2026-01-29 05:15:00,5559.615000,5550.398000,5550.295000,5444.348000,26.673449,2.667345,5441.680655,117.934345,5677.549345,5795.483690,TIME_EXIT_BEFORE_TP1,0.207319,2026-01-29 06:00:00,0.750000
242,MAX_4_M15_CANDLES,IFVG,SELL,2026-01-29 07:15:00,2026-01-29 07:30:00,5541.735000,5573.945000,5564.235000,5595.275000,24.664043,2.466404,5597.741404,56.006404,5485.728596,5429.722191,TIME_EXIT_BEFORE_TP1,0.208369,2026-01-29 08:15:00,0.750000
243,MAX_4_M15_CANDLES,IFVG,SELL,2026-01-29 09:00:00,2026-01-29 09:15:00,5507.155000,5526.195000,5512.975000,5595.275000,26.271101,2.627110,5597.902110,90.747110,5416.407890,5325.660780,TIME_EXIT_BEFORE_TP1,-0.181714,2026-01-29 10:00:00,0.750000
244,MAX_4_M15_CANDLES,FVG,BUY,2026-01-29 13:15:00,2026-01-29 13:30:00,5519.355000,5508.285000,5506.625000,5470.545000,20.817050,2.081705,5468.463295,50.891705,5570.246705,5621.138410,TIME_EXIT_BEFORE_TP1,0.470470,2026-01-29 14:15:00,0.750000
245,MAX_4_M15_CANDLES,FVG,SELL,2026-01-29 13:45:00,2026-01-29 14:00:00,5510.325000,5527.045000,5525.665000,5542.835000,21.445569,2.144557,5544.979557,34.654557,5475.670443,5441.015886,SL,-1.000000,2026-01-29 14:15:00,0.250000
246,MAX_4_M15_CANDLES,IFVG,BUY,2026-01-29 14:15:00,2026-01-29 14:30:00,5543.205000,5527.045000,5525.665000,5470.545000,22.741434,2.274143,5468.270857,74.934143,5618.139143,5693.073287,SL,-1.000000,2026-01-29 15:00:00,0.500000
247,MAX_4_M15_CANDLES,FVG,SELL,2026-01-29 14:30:00,2026-01-29 14:45:00,5516.795000,5543.515000,5542.745000,5542.835000,24.254118,2.425412,5545.940412,29.145412,5487.649588,5458.504176,TP2,2.000000,2026-01-29 15:00:00,0.250000
248,MAX_4_M15_CANDLES,IFVG,SELL,2026-01-29 15:30:00,2026-01-29 15:45:00,5121.015000,5204.225000,5196.035000,5549.335000,57.841182,5.784118,5555.119118,434.104118,4686.910882,4252.806764,TIME_EXIT_BEFORE_TP1,-0.347682,2026-01-29 16:30:00,0.750000
249,MAX_4_M15_CANDLES,FVG,BUY,2026-01-29 15:45:00,2026-01-29 16:00:00,5181.825000,5131.815000,5099.875000,5499.625000,60.461098,6.046110,5093.828890,87.996110,5269.821110,5357.817220,TIME_EXIT_AFTER_TP1,0.931178,2026-01-29 16:45:00,0.750000
250,MAX_4_M15_CANDLES,IFVG,SELL,2026-01-29 16:30:00,2026-01-29 16:45:00,5272.198000,5304.205000,5301.575000,5549.335000,63.671287,6.367129,5555.702129,283.504129,4988.693871,4705.189743,TIME_EXIT_BEFORE_TP1,-0.337621,2026-01-29 17:30:00,0.750000
251,MAX_4_M15_CANDLES,FVG,BUY,2026-01-29 18:00:00,2026-01-29 18:15:00,5354.635000,5335.365000,5298.675000,5098.765000,57.616818,5.761682,5093.003318,261.631682,5616.266682,5877.898364,TIME_EXIT_BEFORE_TP1,-0.184840,2026-01-29 19:00:00,0.750000
252,MAX_4_M15_CANDLES,FVG,BUY,2026-01-29 20:15:00,2026-01-29 20:30:00,5318.435000,5294.435000,5277.195000,5098.765000,46.194400,4.619440,5094.145560,224.289440,5542.724440,5767.013880,TIME_EXIT_BEFORE_TP1,0.412191,2026-01-29 21:15:00,0.750000
253,MAX_4_M15_CANDLES,IFVG,BUY,2026-01-29 20:45:00,2026-01-29 21:00:00,5393.595000,5365.525000,5257.015000,5098.765000,46.869253,4.686925,5094.078075,299.516925,5693.111925,5992.628851,TIME_EXIT_BEFORE_TP1,-0.049346,2026-01-29 21:45:00,0.750000
254,MAX_4_M15_CANDLES,IFVG,SELL,2026-01-29 21:30:00,2026-01-29 21:45:00,5382.895000,5417.098000,5389.585000,5375.255000,43.913984,4.391398,5421.489398,38.594398,5344.300602,5305.706203,SL,-1.000000,2026-01-29 23:00:00,1.250000
255,MAX_4_M15_CANDLES,FVG,BUY,2026-01-29 23:00:00,2026-01-29 23:15:00,5421.265000,5382.275000,5357.805000,5282.335000,44.835522,4.483552,5277.851448,143.413552,5564.678552,5708.092104,TIME_EXIT_BEFORE_TP1,0.163374,2026-01-30 00:00:00,0.750000
256,MAX_4_M15_CANDLES,IFVG,SELL,2026-01-29 23:15:00,2026-01-29 23:30:00,5416.255000,5471.765000,5418.945000,5375.255000,44.534199,4.453420,5476.218420,59.963420,5356.291580,5296.328160,TIME_EXIT_BEFORE_TP1,-0.166768,2026-01-30 00:15:00,0.750000
257,MAX_4_M15_CANDLES,IFVG,SELL,2026-01-30 00:30:00,2026-01-30 00:45:00,5411.075000,5428.045000,5427.415000,5375.255000,39.117483,3.911748,5431.956748,20.881748,5390.193252,5369.311503,TP2,2.000000,2026-01-30 01:00:00,0.250000
258,MAX_4_M15_CANDLES,IFVG,SELL,2026-01-30 01:30:00,2026-01-30 01:45:00,5348.845000,5382.275000,5357.805000,5450.745000,43.416138,4.341614,5455.086614,106.241614,5242.603386,5136.361772,TP2,2.000000,2026-01-30 02:15:00,0.500000
259,MAX_4_M15_CANDLES,IFVG,SELL,2026-01-30 03:00:00,2026-01-30 03:15:00,5179.845000,5234.778000,5210.385000,5450.745000,55.936945,5.593694,5456.338694,276.493694,4903.351306,4626.857611,TIME_EXIT_BEFORE_TP1,-0.123728,2026-01-30 04:00:00,0.750000
260,MAX_4_M15_CANDLES,FVG,BUY,2026-01-30 05:30:00,2026-01-30 05:45:00,5231.065000,5222.975000,5216.495000,5150.235000,42.472528,4.247253,5145.987747,85.077253,5316.142253,5401.219506,TIME_EXIT_BEFORE_TP1,-0.867329,2026-01-30 06:30:00,0.750000
261,MAX_4_M15_CANDLES,IFVG,BUY,2026-01-30 08:45:00,2026-01-30 09:00:00,5116.535000,5093.455000,5091.745000,5150.235000,45.280963,4.528096,5087.216904,29.318096,5145.853096,5175.171193,SL,-1.000000,2026-01-30 09:00:00,0.000000
262,MAX_4_M15_CANDLES,IFVG,SELL,2026-01-30 09:00:00,2026-01-30 09:15:00,5027.415000,5131.815000,5099.875000,5240.865000,50.519466,5.051947,5245.916947,218.501947,4808.913053,4590.411107,TIME_EXIT_BEFORE_TP1,-0.047519,2026-01-30 10:00:00,0.750000
263,MAX_4_M15_CANDLES,IFVG,SELL,2026-01-30 09:30:00,2026-01-30 09:45:00,4974.878000,5062.635000,5035.415000,5240.865000,53.489376,5.348938,5246.213938,271.335938,4703.542062,4432.206125,TIME_EXIT_BEFORE_TP1,-0.376460,2026-01-30 10:30:00,0.750000
264,MAX_4_M15_CANDLES,FVG,BUY,2026-01-30 09:45:00,2026-01-30 10:00:00,5012.345000,4973.475000,4969.595000,5150.235000,55.968706,5.596871,4963.998129,48.346871,5060.691871,5109.038741,TP2,2.000000,2026-01-30 10:45:00,0.750000
265,MAX_4_M15_CANDLES,IFVG,BUY,2026-01-30 11:00:00,2026-01-30 11:15:00,5120.125000,5090.655000,5068.908000,4940.895000,52.046566,5.204657,4935.690343,184.434657,5304.559657,5488.994313,TIME_EXIT_BEFORE_TP1,0.045328,2026-01-30 12:00:00,0.750000
266,MAX_4_M15_CANDLES,FVG,BUY,2026-01-30 13:00:00,2026-01-30 13:15:00,5074.525000,5054.165000,5051.648000,4940.895000,46.040047,4.604005,4936.290995,138.234005,5212.759005,5350.993009,TIME_EXIT_BEFORE_TP1,-0.163853,2026-01-30 14:00:00,0.750000
267,MAX_4_M15_CANDLES,IFVG,SELL,2026-01-30 15:00:00,2026-01-30 15:15:00,5026.925000,5040.285000,5037.148000,5145.445000,51.510003,5.151000,5150.596000,123.671000,4903.254000,4779.582999,TIME_EXIT_BEFORE_TP1,-0.023231,2026-01-30 16:00:00,0.750000
268,MAX_4_M15_CANDLES,FVG,BUY,2026-01-30 17:15:00,2026-01-30 17:30:00,4925.198000,4901.115000,4899.395000,4979.725000,51.461485,5.146148,4894.248852,30.949148,4956.147148,4987.096297,SL,-1.000000,2026-01-30 17:30:00,0.000000
269,MAX_4_M15_CANDLES,IFVG,SELL,2026-01-30 17:45:00,2026-01-30 18:00:00,4848.798000,4867.915000,4865.635000,5112.258000,55.966668,5.596667,5117.854667,269.056667,4579.741333,4310.684666,TIME_EXIT_BEFORE_TP1,-0.106669,2026-01-30 18:45:00,0.750000
270,MAX_4_M15_CANDLES,IFVG,SELL,2026-01-30 18:00:00,2026-01-30 18:15:00,4806.848000,4860.465000,4855.895000,5112.258000,59.316406,5.931641,5118.189641,311.341641,4495.506359,4184.164719,TIME_EXIT_BEFORE_TP1,-0.263376,2026-01-30 19:00:00,0.750000
271,MAX_4_M15_CANDLES,IFVG,BUY,2026-01-30 18:30:00,2026-01-30 18:45:00,4777.448000,4738.215000,4735.455000,4979.725000,66.808228,6.680823,4728.774177,48.673823,4826.121823,4874.795646,TP2,2.000000,2026-01-30 18:45:00,0.000000
272,MAX_4_M15_CANDLES,FVG,BUY,2026-01-30 19:15:00,2026-01-30 19:30:00,4892.075000,4870.348000,4783.780000,4979.725000,68.197415,6.819741,4776.960259,115.114741,5007.189741,5122.304483,TIME_EXIT_BEFORE_TP1,-0.017079,2026-01-30 20:15:00,0.750000
273,MAX_4_M15_CANDLES,IFVG,SELL,2026-01-30 20:15:00,2026-01-30 20:30:00,4889.679000,4907.255000,4899.395000,5112.258000,62.041850,6.204185,5118.462185,228.783185,4660.895815,4432.112630,TIME_EXIT_BEFORE_TP1,0.069166,2026-01-30 21:15:00,0.750000
274,MAX_4_M15_CANDLES,FVG,SELL,2026-01-30 21:30:00,2026-01-30 21:45:00,4860.505000,4879.655000,4878.975000,4947.475000,57.433879,5.743388,4953.218388,92.713388,4767.791612,4675.078224,OPEN_AT_END,,2026-01-30 21:45:00,0.000000
