variant,trigger,direction,htf_bias,trigger_time_utc,entry_time_utc,entry_price,stop_loss,stop_distance_usd,target_price,outcome,result_r,exit_time_utc,duration_hours,zone_id
A_IFVG__HTF__BUF_0.10__TARGET_2_0R_BE_AT_1R,IFVG,BUY,BULLISH,2026-01-05 17:00:00,2026-01-05 17:15:00,4442.175000000,4426.738006741,15.436993259,4473.048986519,TIME_EXIT,0.308997997,2026-01-05 18:00:00,0.750000000,44
A_IFVG__HTF__BUF_0.10__TARGET_2_0R_BE_AT_1R,IFVG,BUY,BULLISH,2026-01-06 01:00:00,2026-01-06 01:15:00,4441.685000000,4427.005760475,14.679239525,4471.043479050,TIME_EXIT,1.194884787,2026-01-06 02:00:00,0.750000000,45
A_IFVG__HTF__BUF_0.10__TARGET_2_0R_BE_AT_1R,IFVG,BUY,BULLISH,2026-01-06 06:45:00,2026-01-06 07:00:00,4465.565000000,4458.076664599,7.488335401,4480.541670802,SL,-1.000000000,2026-01-06 07:45:00,0.750000000,61
A_IFVG__HTF__BUF_0.10__TARGET_2_0R_BE_AT_1R,IFVG,SELL,BEARISH,2026-01-06 12:00:00,2026-01-06 12:15:00,4461.858000000,4468.853159294,6.995159294,4447.867681412,TIME_EXIT,-0.471897760,2026-01-06 13:00:00,0.750000000,65
A_IFVG__HTF__BUF_0.10__TARGET_2_0R_BE_AT_1R,IFVG,BUY,BULLISH,2026-01-07 00:45:00,2026-01-07 01:00:00,4491.695000000,4482.990340402,8.704659598,4509.104319195,SL,-1.000000000,2026-01-07 01:00:00,0.000000000,76
A_IFVG__HTF__BUF_0.10__TARGET_2_0R_BE_AT_1R,IFVG,SELL,BEARISH,2026-01-07 06:15:00,2026-01-07 06:30:00,4454.725000000,4469.773367122,15.048367122,4424.628265756,TIME_EXIT,0.004651667,2026-01-07 07:15:00,0.750000000,91
A_IFVG__HTF__BUF_0.10__TARGET_2_0R_BE_AT_1R,IFVG,SELL,BEARISH,2026-01-07 11:45:00,2026-01-07 12:00:00,4447.505000000,4460.650504954,13.145504954,4421.213990092,TIME_EXIT,0.214521999,2026-01-07 12:45:00,0.750000000,100
A_IFVG__HTF__BUF_0.10__TARGET_2_0R_BE_AT_1R,IFVG,SELL,BEARISH,2026-01-07 12:30:00,2026-01-07 12:45:00,4449.558000000,4460.663117122,11.105117122,4427.347765755,BE,0.000000000,2026-01-07 13:30:00,0.750000000,101
A_IFVG__HTF__BUF_0.10__TARGET_2_0R_BE_AT_1R,IFVG,SELL,BEARISH,2026-01-07 17:15:00,2026-01-07 17:30:00,4458.475000000,4466.108663683,7.633663683,4443.207672634,TIME_EXIT,0.875857292,2026-01-07 18:15:00,0.750000000,111
A_IFVG__HTF__BUF_0.10__TARGET_2_0R_BE_AT_1R,IFVG,SELL,BEARISH,2026-01-07 19:00:00,2026-01-07 19:15:00,4449.435000000,4453.516643208,4.081643208,4441.271713583,BE,0.000000000,2026-01-07 19:30:00,0.250000000,113
A_IFVG__HTF__BUF_0.10__TARGET_2_0R_BE_AT_1R,IFVG,SELL,BEARISH,2026-01-08 01:15:00,2026-01-08 01:30:00,4454.535000000,4459.230296282,4.695296282,4445.144407436,TARGET,2.000000000,2026-01-08 01:45:00,0.250000000,122
A_IFVG__HTF__BUF_0.10__TARGET_2_0R_BE_AT_1R,IFVG,SELL,BEARISH,2026-01-08 01:30:00,2026-01-08 01:45:00,4447.348000000,4459.264460833,11.916460833,4423.515078334,TIME_EXIT,0.482777570,2026-01-08 02:30:00,0.750000000,121
A_IFVG__HTF__BUF_0.10__TARGET_2_0R_BE_AT_1R,IFVG,SELL,BEARISH,2026-01-08 08:30:00,2026-01-08 08:45:00,4420.965000000,4433.927976174,12.962976174,4395.039047652,SL,-1.000000000,2026-01-08 09:00:00,0.250000000,134
A_IFVG__HTF__BUF_0.10__TARGET_2_0R_BE_AT_1R,IFVG,SELL,BEARISH,2026-01-08 15:15:00,2026-01-08 15:30:00,4447.435000000,4458.380021089,10.945021089,4425.544957822,TIME_EXIT,-0.538144235,2026-01-08 16:15:00,0.750000000,127
A_IFVG__HTF__BUF_0.10__TARGET_2_0R_BE_AT_1R,IFVG,BUY,BULLISH,2026-01-08 17:45:00,2026-01-08 18:00:00,4463.175000000,4456.544822604,6.630177396,4476.435354791,SL,-1.000000000,2026-01-08 18:00:00,0.000000000,148
A_IFVG__HTF__BUF_0.10__TARGET_2_0R_BE_AT_1R,IFVG,BUY,BULLISH,2026-01-08 23:15:00,2026-01-08 23:30:00,4477.065000000,4472.838119255,4.226880745,4485.518761489,SL,-1.000000000,2026-01-08 23:45:00,0.250000000,157
A_IFVG__HTF__BUF_0.10__TARGET_2_0R_BE_AT_1R,IFVG,BUY,BULLISH,2026-01-09 01:30:00,2026-01-09 01:45:00,4462.295000000,4456.407677040,5.887322960,4474.069645919,TARGET,2.000000000,2026-01-09 02:00:00,0.250000000,153
A_IFVG__HTF__BUF_0.10__TARGET_2_0R_BE_AT_1R,IFVG,BUY,BULLISH,2026-01-09 02:15:00,2026-01-09 02:30:00,4471.995000000,4467.927863796,4.067136204,4480.129272407,SL,-1.000000000,2026-01-09 02:45:00,0.250000000,162
A_IFVG__HTF__BUF_0.10__TARGET_2_0R_BE_AT_1R,IFVG,BUY,BULLISH,2026-01-09 10:45:00,2026-01-09 11:00:00,4472.248000000,4467.727312583,4.520687417,4481.289374834,TIME_EXIT,0.619374830,2026-01-09 11:45:00,0.750000000,168
A_IFVG__HTF__BUF_0.10__TARGET_2_0R_BE_AT_1R,IFVG,BUY,BULLISH,2026-01-09 13:30:00,2026-01-09 13:45:00,4486.648000000,4460.919646137,25.728353863,4538.104707725,TIME_EXIT,0.033698231,2026-01-09 14:30:00,0.750000000,174
A_IFVG__HTF__BUF_0.10__TARGET_2_0R_BE_AT_1R,IFVG,BUY,BULLISH,2026-01-09 14:00:00,2026-01-09 14:15:00,4489.105000000,4457.701750496,31.403249504,4551.911499008,TIME_EXIT,0.227778976,2026-01-09 15:00:00,0.750000000,175
A_IFVG__HTF__BUF_0.10__TARGET_2_0R_BE_AT_1R,IFVG,BUY,BULLISH,2026-01-09 15:15:00,2026-01-09 15:30:00,4505.105000000,4488.753906312,16.351093688,4537.807187375,TIME_EXIT,-0.113570385,2026-01-09 16:15:00,0.750000000,177
A_IFVG__HTF__BUF_0.10__TARGET_2_0R_BE_AT_1R,IFVG,BUY,BULLISH,2026-01-09 20:00:00,2026-01-09 20:15:00,4506.478000000,4490.136805099,16.341194901,4539.160389802,TIME_EXIT,0.089956702,2026-01-09 21:00:00,0.750000000,184
A_IFVG__HTF__BUF_0.10__TARGET_2_0R_BE_AT_1R,IFVG,BUY,BULLISH,2026-01-12 06:15:00,2026-01-12 06:30:00,4573.475000000,4568.906361955,4.568638045,4582.612276090,TARGET,2.000000000,2026-01-12 07:00:00,0.500000000,200
A_IFVG__HTF__BUF_0.10__TARGET_2_0R_BE_AT_1R,IFVG,BUY,BULLISH,2026-01-12 07:30:00,2026-01-12 07:45:00,4583.595000000,4573.785903170,9.809096830,4603.213193661,TIME_EXIT,0.191658828,2026-01-12 08:30:00,0.750000000,204
A_IFVG__HTF__BUF_0.10__TARGET_2_0R_BE_AT_1R,IFVG,BUY,BULLISH,2026-01-12 10:00:00,2026-01-12 10:15:00,4591.845000000,4584.087713598,7.757286402,4607.359572803,TIME_EXIT,-0.130200169,2026-01-12 11:00:00,0.750000000,206
A_IFVG__HTF__BUF_0.10__TARGET_2_0R_BE_AT_1R,IFVG,BUY,BULLISH,2026-01-12 18:45:00,2026-01-12 19:00:00,4610.685000000,4600.607219373,10.077780627,4630.840561254,TIME_EXIT,0.028776177,2026-01-12 19:45:00,0.750000000,218
A_IFVG__HTF__BUF_0.10__TARGET_2_0R_BE_AT_1R,IFVG,BUY,BULLISH,2026-01-12 19:15:00,2026-01-12 19:30:00,4616.745000000,4607.651541194,9.093458806,4634.931917612,SL,-1.000000000,2026-01-12 20:00:00,0.500000000,223
A_IFVG__HTF__BUF_0.10__TARGET_2_0R_BE_AT_1R,IFVG,BUY,BULLISH,2026-01-13 14:00:00,2026-01-13 14:15:00,4618.325000000,4599.037123785,19.287876215,4656.900752429,TIME_EXIT,0.148279674,2026-01-13 15:00:00,0.750000000,255
A_IFVG__HTF__BUF_0.10__TARGET_2_0R_BE_AT_1R,IFVG,BUY,BULLISH,2026-01-13 18:00:00,2026-01-13 18:15:00,4593.965000000,4584.208804903,9.756195097,4613.477390195,SL,-1.000000000,2026-01-13 18:15:00,0.000000000,251
A_IFVG__HTF__BUF_0.10__TARGET_2_0R_BE_AT_1R,IFVG,BUY,BULLISH,2026-01-14 00:15:00,2026-01-14 00:30:00,4609.485000000,4595.898982663,13.586017337,4636.657034674,TIME_EXIT,0.359928880,2026-01-14 01:15:00,0.750000000,266
A_IFVG__HTF__BUF_0.10__TARGET_2_0R_BE_AT_1R,IFVG,BUY,BULLISH,2026-01-14 08:45:00,2026-01-14 09:00:00,4634.545000000,4623.546844929,10.998155071,4656.541310143,TIME_EXIT,-0.381882231,2026-01-14 09:45:00,0.750000000,276
A_IFVG__HTF__BUF_0.10__TARGET_2_0R_BE_AT_1R,IFVG,BUY,BULLISH,2026-01-14 18:45:00,2026-01-14 19:00:00,4634.975000000,4626.824401649,8.150598351,4651.276196702,TIME_EXIT,0.493215323,2026-01-14 19:45:00,0.750000000,290
A_IFVG__HTF__BUF_0.10__TARGET_2_0R_BE_AT_1R,IFVG,BUY,BULLISH,2026-01-15 01:30:00,2026-01-15 01:45:00,4602.305000000,4585.180486399,17.124513601,4636.554027202,TIME_EXIT,0.285555556,2026-01-15 02:30:00,0.750000000,264
A_IFVG__HTF__BUF_0.10__TARGET_2_0R_BE_AT_1R,IFVG,SELL,BEARISH,2026-01-15 06:15:00,2026-01-15 06:30:00,4603.685000000,4608.352922768,4.667922768,4594.349154464,SL,-1.000000000,2026-01-15 06:45:00,0.250000000,302
A_IFVG__HTF__BUF_0.10__TARGET_2_0R_BE_AT_1R,IFVG,BUY,BULLISH,2026-01-15 14:45:00,2026-01-15 15:00:00,4610.508000000,4595.252290520,15.255709480,4641.019418959,TIME_EXIT,0.303951777,2026-01-15 15:45:00,0.750000000,318
A_IFVG__HTF__BUF_0.10__TARGET_2_0R_BE_AT_1R,IFVG,BUY,BULLISH,2026-01-15 15:00:00,2026-01-15 15:15:00,4612.995000000,4599.004719769,13.990280231,4640.975560462,TIME_EXIT,0.629222564,2026-01-15 16:00:00,0.750000000,320
A_IFVG__HTF__BUF_0.10__TARGET_2_0R_BE_AT_1R,IFVG,SELL,BEARISH,2026-01-16 06:00:00,2026-01-16 06:15:00,4604.555000000,4615.477101692,10.922101692,4582.710796615,TIME_EXIT,-0.480676718,2026-01-16 07:00:00,0.750000000,334
A_IFVG__HTF__BUF_0.10__TARGET_2_0R_BE_AT_1R,IFVG,SELL,BEARISH,2026-01-16 12:15:00,2026-01-16 12:30:00,4606.148000000,4613.153448818,7.005448818,4592.137102365,TARGET,2.000000000,2026-01-16 13:15:00,0.750000000,353
A_IFVG__HTF__BUF_0.10__TARGET_2_0R_BE_AT_1R,IFVG,SELL,BEARISH,2026-01-16 14:15:00,2026-01-16 14:30:00,4598.619000000,4613.487032787,14.868032787,4568.882934426,SL,-1.000000000,2026-01-16 14:45:00,0.250000000,354
A_IFVG__HTF__BUF_0.10__TARGET_2_0R_BE_AT_1R,IFVG,SELL,BEARISH,2026-01-16 15:30:00,2026-01-16 15:45:00,4555.315000000,4618.704544397,63.389544397,4428.535911205,TIME_EXIT,-0.641903967,2026-01-16 16:30:00,0.750000000,359
A_IFVG__HTF__BUF_0.10__TARGET_2_0R_BE_AT_1R,IFVG,SELL,BEARISH,2026-01-16 20:45:00,2026-01-16 21:00:00,4581.598000000,4588.923719756,7.325719756,4566.946560488,SL,-1.000000000,2026-01-16 21:15:00,0.250000000,366
A_IFVG__HTF__BUF_0.10__TARGET_2_0R_BE_AT_1R,IFVG,BUY,BULLISH,2026-01-19 07:45:00,2026-01-19 08:00:00,4664.955000000,4662.208078477,2.746921523,4670.448843046,TARGET,2.000000000,2026-01-19 08:00:00,0.000000000,376
A_IFVG__HTF__BUF_0.10__TARGET_2_0R_BE_AT_1R,IFVG,BUY,BULLISH,2026-01-19 16:30:00,2026-01-19 16:45:00,4673.085000000,4668.951899893,4.133100107,4681.351200213,SL,-1.000000000,2026-01-19 17:15:00,0.500000000,387
A_IFVG__HTF__BUF_0.10__TARGET_2_0R_BE_AT_1R,IFVG,BUY,BULLISH,2026-01-21 09:00:00,2026-01-21 09:15:00,4859.725000000,4856.982464515,2.742535485,4865.210070970,TARGET,2.000000000,2026-01-21 09:15:00,0.000000000,443
A_IFVG__HTF__BUF_0.10__TARGET_2_0R_BE_AT_1R,IFVG,SELL,BEARISH,2026-01-21 21:45:00,2026-01-21 23:00:00,4832.695000000,4855.662377928,22.967377928,4786.760244144,TARGET,2.000000000,2026-01-21 23:15:00,0.250000000,457
A_IFVG__HTF__BUF_0.10__TARGET_2_0R_BE_AT_1R,IFVG,SELL,BEARISH,2026-01-21 23:30:00,2026-01-21 23:45:00,4786.648000000,4816.922243808,30.274243808,4726.099512385,TIME_EXIT,-0.206347020,2026-01-22 00:30:00,0.750000000,469
A_IFVG__HTF__BUF_0.10__TARGET_2_0R_BE_AT_1R,IFVG,SELL,BEARISH,2026-01-21 23:45:00,2026-01-22 00:00:00,4777.875000000,4803.446797821,25.571797821,4726.731404357,TIME_EXIT,-0.786022169,2026-01-22 00:45:00,0.750000000,470
A_IFVG__HTF__BUF_0.10__TARGET_2_0R_BE_AT_1R,IFVG,SELL,BEARISH,2026-01-22 06:30:00,2026-01-22 06:45:00,4823.605000000,4834.473282714,10.868282714,4801.868434573,SL,-1.000000000,2026-01-22 07:00:00,0.250000000,467
A_IFVG__HTF__BUF_0.10__TARGET_2_0R_BE_AT_1R,IFVG,SELL,BEARISH,2026-01-22 11:00:00,2026-01-22 11:15:00,4826.068000000,4831.764585827,5.696585827,4814.674828346,SL,-1.000000000,2026-01-22 11:45:00,0.500000000,483
A_IFVG__HTF__BUF_0.10__TARGET_2_0R_BE_AT_1R,IFVG,BUY,BULLISH,2026-01-22 16:00:00,2026-01-22 16:15:00,4873.505000000,4859.393174519,14.111825481,4901.728650963,TIME_EXIT,0.456354850,2026-01-22 17:00:00,0.750000000,497
A_IFVG__HTF__BUF_0.10__TARGET_2_0R_BE_AT_1R,IFVG,BUY,BULLISH,2026-01-23 05:00:00,2026-01-23 05:15:00,4956.145000000,4950.950569595,5.194430405,4966.533860811,TARGET,2.000000000,2026-01-23 05:45:00,0.500000000,510
A_IFVG__HTF__BUF_0.10__TARGET_2_0R_BE_AT_1R,IFVG,BUY,BULLISH,2026-01-23 14:30:00,2026-01-23 14:45:00,4946.595000000,4933.597893777,12.997106223,4972.589212446,TIME_EXIT,0.957905536,2026-01-23 15:30:00,0.750000000,530
A_IFVG__HTF__BUF_0.10__TARGET_2_0R_BE_AT_1R,IFVG,BUY,BULLISH,2026-01-23 16:00:00,2026-01-23 16:15:00,4970.785000000,4949.854403196,20.930596804,5012.646193609,TIME_EXIT,0.646899853,2026-01-23 17:00:00,0.750000000,532
A_IFVG__HTF__BUF_0.10__TARGET_2_0R_BE_AT_1R,IFVG,BUY,BULLISH,2026-01-23 20:30:00,2026-01-23 20:45:00,4982.285000000,4973.046917523,9.238082477,5000.761164953,TIME_EXIT,-0.002164951,2026-01-23 21:30:00,0.750000000,538
A_IFVG__HTF__BUF_0.10__TARGET_2_0R_BE_AT_1R,IFVG,BUY,BULLISH,2026-01-26 17:30:00,2026-01-26 17:45:00,5102.055000000,5083.910640058,18.144359942,5138.343719885,SL,-1.000000000,2026-01-26 18:00:00,0.250000000,557
A_IFVG__HTF__BUF_0.10__TARGET_2_0R_BE_AT_1R,IFVG,SELL,BEARISH,2026-01-26 19:45:00,2026-01-26 20:00:00,5028.265000000,5063.200009749,34.935009749,4958.394980502,TIME_EXIT,-0.767997496,2026-01-26 20:45:00,0.750000000,564
A_IFVG__HTF__BUF_0.10__TARGET_2_0R_BE_AT_1R,IFVG,SELL,BEARISH,2026-01-26 20:30:00,2026-01-26 20:45:00,5046.395000000,5063.264614584,16.869614584,5012.655770832,TARGET,2.000000000,2026-01-26 21:15:00,0.500000000,565
A_IFVG__HTF__BUF_0.10__TARGET_2_0R_BE_AT_1R,IFVG,SELL,BEARISH,2026-01-27 01:15:00,2026-01-27 01:30:00,5066.445000000,5087.373509051,20.928509051,5024.587981898,TIME_EXIT,-0.066416580,2026-01-27 02:15:00,0.750000000,562
A_IFVG__HTF__BUF_0.10__TARGET_2_0R_BE_AT_1R,IFVG,BUY,BULLISH,2026-01-27 13:00:00,2026-01-27 13:15:00,5089.825000000,5076.976083095,12.848916905,5115.522833810,SL,-1.000000000,2026-01-27 13:15:00,0.000000000,587
A_IFVG__HTF__BUF_0.10__TARGET_2_0R_BE_AT_1R,IFVG,SELL,BEARISH,2026-01-27 16:45:00,2026-01-27 17:00:00,5087.265000000,5100.605736755,13.340736755,5060.583526490,TIME_EXIT,0.469239452,2026-01-27 17:45:00,0.750000000,597
A_IFVG__HTF__BUF_0.10__TARGET_2_0R_BE_AT_1R,IFVG,BUY,BULLISH,2026-01-28 14:45:00,2026-01-28 15:00:00,5285.459000000,5248.417188734,37.041811266,5359.542622531,SL,-1.000000000,2026-01-28 15:00:00,0.000000000,620
A_IFVG__HTF__BUF_0.10__TARGET_2_0R_BE_AT_1R,IFVG,BUY,BULLISH,2026-01-29 03:00:00,2026-01-29 03:15:00,5538.395000000,5518.080416582,20.314583418,5579.024166836,TIME_EXIT,-0.205271253,2026-01-29 04:00:00,0.750000000,636
A_IFVG__HTF__BUF_0.10__TARGET_2_0R_BE_AT_1R,IFVG,BUY,BULLISH,2026-01-29 14:15:00,2026-01-29 14:30:00,5543.205000000,5508.050856569,35.154143431,5613.513286861,SL,-1.000000000,2026-01-29 14:30:00,0.000000000,651
A_IFVG__HTF__BUF_0.10__TARGET_2_0R_BE_AT_1R,IFVG,SELL,BEARISH,2026-01-29 16:30:00,2026-01-29 16:45:00,5272.198000000,5392.015128727,119.817128727,5032.563742546,TIME_EXIT,-0.798859070,2026-01-29 17:30:00,0.750000000,662
A_IFVG__HTF__BUF_0.10__TARGET_2_0R_BE_AT_1R,IFVG,SELL,BEARISH,2026-01-29 21:30:00,2026-01-29 21:45:00,5382.895000000,5500.446398444,117.551398444,5147.792203112,TIME_EXIT,-0.468135647,2026-01-29 23:30:00,1.750000000,654
A_IFVG__HTF__BUF_0.10__TARGET_2_0R_BE_AT_1R,IFVG,SELL,BEARISH,2026-01-29 23:15:00,2026-01-29 23:30:00,5416.255000000,5500.508419927,84.253419927,5247.748160145,TIME_EXIT,-0.118689544,2026-01-30 00:15:00,0.750000000,655
A_IFVG__HTF__BUF_0.10__TARGET_2_0R_BE_AT_1R,IFVG,SELL,BEARISH,2026-01-30 00:30:00,2026-01-30 00:45:00,5411.075000000,5454.386748277,43.311748277,5324.451503447,TARGET,2.000000000,2026-01-30 01:00:00,0.250000000,680
A_IFVG__HTF__BUF_0.10__TARGET_2_0R_BE_AT_1R,IFVG,SELL,BEARISH,2026-01-30 01:30:00,2026-01-30 01:45:00,5348.845000000,5413.616613836,64.771613836,5219.301772328,TARGET,2.000000000,2026-01-30 02:00:00,0.250000000,682
A_IFVG__HTF__BUF_0.10__TARGET_2_0R_BE_AT_1R,IFVG,SELL,BEARISH,2026-01-30 03:00:00,2026-01-30 03:15:00,5179.845000000,5219.291694483,39.446694483,5100.951611035,SL,-1.000000000,2026-01-30 03:30:00,0.250000000,687
A_IFVG__HTF__BUF_0.10__TARGET_2_0R_BE_AT_1R,IFVG,SELL,BEARISH,2026-01-30 09:00:00,2026-01-30 09:15:00,5027.415000000,5159.126946587,131.711946587,4763.991106826,TIME_EXIT,-0.078831118,2026-01-30 10:00:00,0.750000000,691
A_IFVG__HTF__BUF_0.10__TARGET_2_0R_BE_AT_1R,IFVG,SELL,BEARISH,2026-01-30 09:30:00,2026-01-30 09:45:00,4974.878000000,5137.623937618,162.745937618,4649.386124763,TIME_EXIT,-0.627647003,2026-01-30 10:30:00,0.750000000,693
A_IFVG__HTF__BUF_0.10__TARGET_2_0R_BE_AT_1R,IFVG,SELL,BEARISH,2026-01-30 15:00:00,2026-01-30 15:15:00,5026.925000000,5102.249000260,75.324000260,4876.276999480,TIME_EXIT,-0.038141894,2026-01-30 16:00:00,0.750000000,712
A_IFVG__HTF__BUF_0.10__TARGET_2_0R_BE_AT_1R,IFVG,SELL,BEARISH,2026-01-30 17:45:00,2026-01-30 18:00:00,4848.798000000,4930.794666817,81.996666817,4684.804666366,TARGET,2.000000000,2026-01-30 18:30:00,0.500000000,720
A_IFVG__HTF__BUF_0.10__TARGET_2_0R_BE_AT_1R,IFVG,SELL,BEARISH,2026-01-30 18:00:00,2026-01-30 18:15:00,4806.848000000,4883.829640616,76.981640616,4652.884718768,BE,0.000000000,2026-01-30 18:45:00,0.500000000,725
A_IFVG__HTF__BUF_0.10__TARGET_2_0R_BE_AT_1R,IFVG,SELL,BEARISH,2026-01-30 20:15:00,2026-01-30 20:30:00,4889.679000000,4938.449185048,48.770185048,4792.138629905,TIME_EXIT,0.324460528,2026-01-30 21:15:00,0.750000000,742
